Type,Vendor,Model,Released Month,Price,Video Quality,UPC,Serial Number,Vendor Security Page,FCC ID,Amazon ID,Vendor Product Page,User Manual,Security Claims on Box?,Security Claims in Manual?,Device ID,Mobile Application,Mobile Application ID,Mobile Application Version,Mobile Application Release Date,Mobile Application APK,Mobile Application Tuya Based?,Mobile Application Senisitive Data Protected?,Prevents MITMMobile Application ,Mobile Application Root Detection Prompt,Mobile Application Password Input Masked?,Mobile Application Password Policy,Mobile Application Two-step Verification?,Mobile Application Two-step Verification Required?,Mobile Application All HTTP Traffic Encrypted?,Default Device Password,USB Port Type,USB Power Delivery?,USB Mass Storage?,USB Device Listing?,USB Android Debug?,SD Card Type,SD Card Format,SD Card Obfuscated Recordings?,OS UART,OS UART Baud,Other UART,Other UART Baud,Bootloader,Bootloader Version,Bootloader Access?,OS User Login Automatic?,OS User Login Prompt?,Boot Output Leaks Secrets?,Wi-Fi?,Wi-Fi MAC Address,Wi-Fi 2.4Ghz Radio?,Wi-Fi 5Ghz Radio?,Wi-Fi WPA 3 Supported?,Wi-Fi WPS Supported?,Wi-Fi QR Code Scan Pairing?,Wi-Fi Temporary Network Pairing?,Wi-Fi Passphrase for Pairing?,Bluetooth?,Bluetooth Version,Bluetooth Manual Pairing?,Bluetooth Six Digit PIN?,Ethernet?,Ethernet MAC Address,Zigbee?,System on Chip,Processor,Processor Architecture,Flash Memory,Flash Package,Wi-Fi Chipset,MMU Available?,Secure Boot Available?,Secure Boot Used?,Hardware Cryptography?,Hardware RNG?,TPM in Use?,Exterior Tamper Evident?,Interior Tamper Evident?,Silk Screened Debug Ports?,Debug Headers Present?,Operating System,Operating System Version,Filesystem Used,Encrypted Filesystem?,Firmware Update Feature?,Firmware Update User Prompt?,Firmware Update Forced?,Firmware Update Request by User?,Firmware Manual Upload?,Firmware Encrypted at Rest?,Firmware Hash Verified?,Firmware Signature Verified?,Firmware Encrypted in Transit?,Firmware Download URL,Firmware Download SSL Labs Score,Firmware Download Authentication?,Factory Reset Feature Documented?,External Data Deleted After Factory Reset?,Factory Reset All Sensitive Data Removed?,IMA in Use?,Watchdog in Use?,cgroups Used?,seccomp-bpf Used?,Root for Major Processes,Mandatory Access Controls Used?,DAC Appropriate?,Malware Detection?,Accounts With Passwords?,Password Hashing,NTP Used?,Secure NTP in Use?,Version,Build Date,Signed Modules?,KASLR Used?,Containers Used?,Container Runtime,Container Networking Mode,Container Reduced Capabilities?,Container Namespaces Used?,Host-based Firewall Used?,Packet Forwarding?,Sample Binary for Hardening Checks,Binary RELRO?,Binary Stack Canaries?,Binary NX?,Binary PIE?,Binary Symbols Gone?,Binary Fortify?,System ASLR Setting,Streaming Service?,Streaming Encrypted?,Streaming Port,Streaming Authentication?,Streaming LED Notification?,Telnet Service?,FTP Service?,SSH Service?,Web Server Port,Web Server Encrypted?,Web Server Authentication?,Web Server Banner,Web Server Session Timeouts?,Web Server SSL Scan Score,Web Server Brute Force Throttled?,MQTT Used?,MQTT Port
Baby Monitor,Sense-U,SU-WA002,Mar,$129.99,1080p,None,None,No,No,B07YFCFCPN,https://www.products.sense-u.com/sense-u-video-baby-monitor,https://shop.sense-u.com/pages/user-manual-video,Yes,No,ebb599015f7907cabasgbx,Sense-U Baby Monitor New,com.senseu.baby,3.2.1,06/19/2021,https://apkpure.com/store/apps/details?id=com.senseu.baby,Yes,No,No,No,Yes,6+ characters,No,N/A,No,No,Micro B,Yes,No,No,No,MicroSD,FAT 32,Yes,Yes,57600,No,N/A,U-Boot,2014.01-v1.2,Password,No,Yes,Yes,Yes,6A:57:2D:01:75:39,Yes,No,No,No,Yes,No,N/A,No,N/A,N/A,N/A,No,N/A,No,RTS3903N,MIPS,32-bit MIPS,25Q127CSIG,SOIC,RTL8188FTV,Yes,No,N/A,No,No,No,No,No,No,No,Linux,N/A,SquashFS,No,No,N/A,N/A,N/A,N/A,N/A,N/A,N/A,N/A,N/A,N/A,N/A,Yes,No,No,No,Yes,No,No,Yes,No,No,No,Yes,md5crypt,Yes,No,3.10.27,12/07/2018,No,No,No,N/A,N/A,N/A,N/A,No,No,tycam,No,Yes,No,No,Yes,No,Unknown,No,N/A,N/A,N/A,Yes,No,No,No,No,N/A,N/A,N/A,N/A,N/A,N/A,Yes,8883
Baby Monitor,Kami Baby,Kami Baby Monitor,Nov,$99.99,1080p,6970171175750,BY501CUSO09002498,No,2AFIB-YYS5019,B07PYTWTML,https://kamihome.com/kamibaby/,https://fccid.io/2AFIB-YYS5019/User-Manual/user-manual-4820166.pdf,Yes,No,TNPUSAK-898731-PDPMX,Kami Home,com.yitechnology.kamihome,2.7.4_20210711,07/12/2021,https://apkpure.com/store/apps/details?id=com.yitechnology.kamihome,No,Yes,No,No,Yes,"8-16 1N,1U,1L",No,N/A,Yes,No,Micro B,Yes,No,No,No,MicroSD,FAT 32,No,Yes,115200,No,N/A,U-Boot,2018.05-00004-gf5d8011-dirty,Yes,Yes,N/A,No,Yes,B8:C6:AA:1B:45:B0,Yes,No,No,No,Yes,No,N/A,No,N/A,N/A,N/A,No,N/A,No,QG2101C,ARM Cortex-A7,32-bit ARM,QH256BXIQ,NAND,Unknown,Yes,Yes,Yes,Yes,Yes,Yes,No,No,No,No,XiaoYi Linux,N/A,SquashFS,No,Yes,No Update Found,No Update Found,Yes,No,Yes,Yes,No,No,http://download.us.xiaoyi.com/yifirmware/smarthomecam/familymonitor-y501gc/1.3.0.0C_202005291205,N/A,No,Yes,No,Yes,No,Yes,No,No,Yes,No,No,No,Yes,None,No,N/A,4.9.118,Unknown,No,No,No,N/A,N/A,N/A,N/A,No,No,cloud,No,No,Yes,No,Yes,No,2,No,N/A,N/A,N/A,Yes,No,No,No,No,N/A,N/A,N/A,N/A,N/A,N/A,No,N/A
Baby Monitor,Motorola,Connect40,Jan,$129.99,720p,816479018268,434510H003877,https://www.lenovo.com/us/en/product-security/reporting-a-vulnerability/,VLJ-CF85BU,B081D7YKVQ,https://motorolababy.com/product/connect40/,https://fccid.io/VLJ-CF85BU/User-Manual/User-Manual-5005208.pdf,Yes,No,016335000AE299CFB5LBXGSEQW,Hubble Connected,com.hubble.care,1.01.21,08/21/2021,https://apkpure.com/store/apps/details?id=com.hubble.care,No,Yes,No,No,Yes,"8-30 1U,1L,1N",No,N/A,Yes,No,No,N/A,N/A,N/A,N/A,No,N/A,N/A,Yes,115200,No,N/A,Unknown,Unknown,No,No,Yes,No,Yes,00:0A:E2:99:CF:B5,Yes,No,No,No,Yes,No,N/A,No,N/A,N/A,N/A,No,N/A,No,AK3918EN080,ARM926EJ-S,32-bit ARM,XT26G01BWSEG,NAND,RTL8189FTV,Yes,Yes,No,Yes,Yes,No,No,No,Yes,No,Anyka Linux,1.1.12,YAFFS2,No,Yes,No,Yes,Yes,Yes,Yes,Yes,Yes,Yes,http://h2o-ota.hubble.in.s3.amazonaws.com/eb63b228-dc5d-4e5b-a513-bc197d63a24a/6335-03.40.08.fw.pkg,B,Yes,Yes,N/A,Yes,No,Yes,No,No,Yes,No,No,No,Unknown,Unknown,Yes,No,3.4.35,08/07/2020,No,No,No,N/A,N/A,N/A,N/A,No,No,crypto,No,No,No,No,No,No,Unknown,No,N/A,N/A,N/A,Yes,No,No,No,8080,No,No,None,N/A,N/A,N/A,Yes,8883
Baby Monitor,VTech,VM901,Mar,$139.95,1080p,None,6C500098194,No,EW780-1957-00,B07WCV632L,https://www.vtechphones.com/amazon/vm901-smart-hd-video-baby-monitor,https://m.media-amazon.com/images/I/C1hn9d4VGgS.pdf,No,No,BM1H59XJSSXYKRX5111A,MyVTech Baby 1080p,com.cams.vtech.mvb,4.1.0.92,08/17/2021,https://apkpure.com/store/apps/details?id=com.cams.vtech.mvb,No,No,Yes,No,Yes,"8-12 1U,1N",No,N/A,Unknown,No,No,N/A,N/A,N/A,N/A,No,N/A,N/A,Yes,115200,No,N/A,U-Boot,2016.11,Yes,No,No,No,Yes,14:AE:DB:EB:94:23,Yes,No,No,No,Yes,No,N/A,No,N/A,N/A,N/A,No,N/A,No,Hi3518E v300,ARM Cortex-A7,32-bit ARM,W25N01GVZEIG,NAND,RTL8189FTV,Yes,Yes,No,Yes,Yes,No,No,No,No,No,Linux,N/A,YAFFS2,No,Yes,Yes,Yes,No,No,Yes,Yes,No,Yes,https://cdn2-vt2.vtp-media.com/pmgt/firmware/fw-pmgt/ota-test/vm901c/cam_signed/data_901c_1009.bin,B,No,Yes,N/A,No,No,Yes,No,No,Yes,No,No,No,Yes,descrypt,Yes,No,4.9.37,10/11/2019,No,No,No,N/A,N/A,N/A,N/A,No,No,vt_cam,Partial,Yes,No,No,Yes,No,2,No,N/A,N/A,N/A,Yes,No,No,No,No,N/A,N/A,N/A,N/A,N/A,N/A,No,N/A
Baby Monitor,CellBee,SC-AI04,Aug,$102.73,1080p,850012821410,None,No,2AS4ASCAI01,B08FMK21MC,https://www.simcam.ai/simcam-baby,https://fccid.io/2AS4ASC-AI04/User-Manual/User-Manual-4928135.pdf,No,No,5f2f95b20f80612914991a00,SimHome,com.simshine.aiot,1.2.4,08/12/2021,https://apkpure.com/store/apps/details?id=com.simshine.aiot,No,No,No,No,Yes,None,No,N/A,No,No,USB C,Yes,No,No,No,MicroSD,FAT 32,No,Yes,115200,No,N/A,U-Boot,SPL 2013.07,Yes,No,Yes,Yes,Yes,30:4A:26:2A:36:8A,Yes,Yes,No,No,Yes,No,N/A,No,N/A,N/A,N/A,No,N/A,No,Ingenic T31,MIPS,32-bit MIPS,25Q128JVSQ,SOIC,RTL8811CU,Yes,Yes,No,Yes,Yes,No,Yes,No,Yes,No,Linux,N/A,SquashFS,No,Yes,No,Yes,No,Yes,No,Yes,No,Yes,https://www.simshine.ai/images/baby/update.zip,B,No,Yes,No,No,No,Yes,Yes,No,Yes,No,No,No,Yes,sha512,Yes,No,3.10.14,05/20/2020,No,No,No,N/A,N/A,N/A,N/A,No,No,babymonitor,No,No,No,No,Yes,No,2,No,N/A,N/A,N/A,Yes,Yes,No,No,No,N/A,N/A,N/A,N/A,N/A,N/A,No,N/A
Doorbell,Eufy,T8222,Jul,$129.99,1080p,None,T8222P0020341D44,https://us.eufylife.com/pages/vulnerability-disclosure-policy,2AOKB-TB220,B08DXD8LSR,https://us.eufylife.com/products/e8222113,https://d2211byn0pk9fi.cloudfront.net/spree/accessories/attachments/84689/51005002471_E8222_EN_QSG_110x140mm_V01_20200914.pdf?1600927138,Yes,No,N/A,Eufy Security,com.oceanwing.battery.cam,3.2.1_1030,08/11/2021,https://apkpure.com/store/apps/details?id=com.oceanwing.battery.cam,No,No,No,No,Yes,"8-20 U,L,N,S",Yes,No,Yes,No,Micro B,Yes,No,No,No,MicroSD,EXT4,Yes,Yes,115200,WLAN,115200,U-Boot,2016.11,No,No,Yes,No,Yes,8C:85:80:52:92:C8,Yes,No,No,No,Yes,No,N/A,Yes,5,No,No,No,N/A,No,Hi3518E v300,ARM Cortex-A7,32-bit ARM,25Q128JVSQ,SOIC,XR871,Yes,Yes,Unknown,Yes,Yes,No,No,No,No,No,LiteOS,1.0.1.0,JFFS2,No,Yes,No,Yes,Yes,No,No,No,No,Yes,https://eufy-security-pr.s3-us-west-2.amazonaws.com/security/980483fd-1cd2-4c17-ae83-7b3abab6141e_T8020_7628_2.1.2.2m_2.7.img,B,No,Yes,No,Unknown,N/A,N/A,N/A,N/A,N/A,N/A,N/A,No,N/A,N/A,Yes,No,N/A,N/A,N/A,N/A,No,N/A,N/A,N/A,N/A,No,No,N/A,N/A,N/A,N/A,N/A,N/A,N/A,N/A,No,N/A,N/A,N/A,Yes,No,No,No,No,N/A,N/A,N/A,N/A,N/A,N/A,No,N/A
Doorbell,Victure,VD300,Feb,$54.99,1080p,None,060076586,No,2AREL-VD300,B084DNJHDL,https://govicture.com/products/victure-video-doorbell-wireless-wifi-only-2-4g?variant=40145114628288,https://m.media-amazon.com/images/I/B1DxN8Dz+1S.pdf,No,No,ppsl3086bd5f1dbd4e79,CloudEdge,com.cloudedge.smarteye,3.0.5,07/16/2021,https://apkfab.com/cloudedge/com.cloudedge.smarteye,No,No,No,No,No,6-20 characters,No,N/A,Yes,No,Micro B,Yes,No,No,No,MicroSD,FAT 32,Yes,Yes,115200,No,N/A,U-Boot,2016.11-g52cd25b-dirty,No,No,No,No,Yes,AC:64:CF:FA:29:6E,Yes,No,No,No,Yes,No,N/A,No,N/A,N/A,N/A,No,N/A,No,Hi3518E v300,ARM Cortex-A7,32-bit ARM,QH64AHIG,SOIC,3131A-S,Yes,Yes,Unknown,Yes,Yes,No,No,No,No,No,LiteOS,1.0.0.5,JFFS2,No,Yes,No Update Found,No Update Found,No,No,Unknown,Unknown,Unknown,Unknown,Unknown,Unknown,Unknown,Yes,No,No,N/A,N/A,N/A,N/A,N/A,N/A,N/A,No,N/A,N/A,Yes,No,N/A,N/A,N/A,N/A,No,N/A,N/A,N/A,N/A,No,No,N/A,N/A,N/A,N/A,N/A,N/A,N/A,N/A,No,N/A,N/A,N/A,Yes,No,No,No,80,No,Yes,None,No,N/A,No,Yes,1883
Doorbell,Euarne,K-BELL 1c,Jul,$47.69,720p,610452767453,None,No,No,B08CWRDPSC,No,Not Found,No,No,eb5017d44379fdc64crzdc,Smart Life,com.tuya.smartlife,3.29.5,07/31/2021,https://apkpure.com/smart-life-smart-living/com.tuya.smartlife,Yes,Yes,Yes,Yes,Yes,6-20 characters,No,N/A,Unknown,No,Micro B,Yes,No,No,No,MicroSD,FAT 32,Yes,Yes,115200,No,N/A,U-Boot,2010.06,Yes,Yes,N/A,No,Yes,D4:D2:D6:38:85:1E,Yes,No,No,No,Yes,No,N/A,No,N/A,N/A,N/A,No,N/A,No,Hi3518E v200,ARM926EJ-S,32-bit ARM,25Q64FWSIQ,SOIC,3131A-S,Yes,No,N/A,Yes,Yes,No,No,No,Yes,No,LiteOS,1.4.6,JFFS2,No,Yes,No Update Found,No Update Found,No,No,Unknown,Unknown,Unknown,Unknown,Unknown,Unknown,Unknown,Yes,No,No,N/A,N/A,N/A,N/A,N/A,N/A,N/A,No,N/A,N/A,Yes,No,N/A,N/A,N/A,N/A,No,N/A,N/A,N/A,N/A,No,No,N/A,N/A,N/A,N/A,N/A,N/A,N/A,N/A,No,N/A,N/A,N/A,Yes,No,No,No,No,N/A,N/A,N/A,N/A,N/A,N/A,Yes,8883
Doorbell,Energizer,EOD1-1002-SIL,Mar,$49.99,1080p,805106870409,058172967,No,2AG7C-BELL5S,B085T8LNLP,https://energizerconnect.com/product/smart-1080p-video-doorbell/,https://fccid.io/2AG7CBELL5S/User-Manual/User-Manual-4487207.pdf,No,No,eb980fb023917c02aesqu6,Energizer Connect,com.xtreme.energizer,4.2.0,04/20/2021,https://apkpure.com/store/apps/details?id=com.xtreme.energizer,Yes,Yes,No,Yes,Yes,6-20 characters,Yes,No,Yes,No,Micro B,Yes,No,No,No,MicroSD,FAT 32,Yes,Yes,115200,No,N/A,U-Boot,2016.11-svn2,No,No,Yes,No,Yes,AC:5D:5C:F9:09:D1,Yes,No,No,No,Yes,No,N/A,No,N/A,N/A,N/A,No,N/A,No,Hi3518E v300,ARM Cortex-A7,32-bit ARM,QH64AHIG,SOIC,RTL8188FTV,Yes,Yes,No,Yes,Yes,No,No,No,No,No,Linux,N/A,CramFS,No,Yes,Yes,No,Yes,No,Unknown,Unknown,Unknown,Unknown,Unknown,Unknown,Unknown,Yes,No,Yes,No,Yew,No,No,Yes,No,No,No,Yes,md5crypt,Yes,No,4.9.37,07/22/2019,No,No,No,N/A,N/A,N/A,N/A,No,No,ppsapp,Partial,Yes,No,No,Yes,No,Unknown,No,N/A,N/A,N/A,Yes,No,No,No,80,No,Yes,None,No,N/A,No,Yes,8883
Doorbell,Wuuk,W0001,Oct,$89.00,1080p,860003488805,HXNAP1N81IWGL6BM,No,2AWHY-W0001,B08K3L1SPY,https://www.wuuklabs.com/,https://fccid.io/2AWHY-W0001/User-Manual/user-manual-4740419.pdf,No,No,None,Wuuk,com.wuuklabs.android.store,3.1.0,08/13/2021,https://apkpure.com/store/apps/details?id=com.wuuklabs.android.store,No,No,No,No,Yes,8+ characters,Yes,No,Yes,No,Micro B,Yes,No,No,No,MicroSD,FAT 32,No,Yes,57600,WLAN,115200,U-Boot,2013.07,No,No,Yes,Yes,Yes,B2:B3:53:06:ED:C6,Yes,No,No,No,Yes,No,N/A,No,N/A,N/A,N/A,No,N/A,No,MT7628NN,MIPS,32-bit MIPS,W25Q128BV,SOIC,XR871,Yes,No,N/A,Yes,No,No,No,No,Yes,No,Linux,N/A,JFFS2,No,Yes,Yes,No,Yes,No,Unknown,Unknown,Unknown,Unknown,Unknown,Unknown,Unknown,Yes,No,Yes,No,Yes,No,No,Yes,No,No,No,Yes,descrypt,Yes,No,3.18.27,10/25/2019,No,No,No,N/A,N/A,N/A,N/A,No,Yes,Ppcs_xmitech,No,No,No,No,Yes,No,2,No,N/A,N/A,N/A,No,No,No,No,No,N/A,N/A,N/A,N/A,N/A,N/A,Yes,8883
Hidden Camera,Pambrum,spy cam clock-208,Aug,$55.99,1080p,None,None,No,No,B08GFQ5S8P,No,Not Found,No,No,FHBB-142672-CYMNH,LookCam,com.view.ppcs,V2021050801,05/13/2021,https://www.apkmonk.com/download-app/com.view.ppcs/5_com.view.ppcs_2021-05-14.apk/,No,No,No,No,N/A,N/A,N/A,N/A,No,Yes,Micro B,Yes,No,No,No,MicroSD,FAT 32,No,Yes,115200,No,N/A,U-Boot,2013.10.0-AK_V3.0.08,Yes,No,Yes,Yes,Yes,2C:D2:6B:4F:1D:1C,Yes,No,No,No,Yes,Yes,No,No,N/A,N/A,N/A,No,N/A,No,Hi3518E v300,ARM926EJ-S,32-bit ARM,QH64A-104HIP,SOIC,RTL8188FTV,Yes,Yes,No,Yes,Yes,No,No,No,No,No,Anyka Linux,1.1.12,SquashFS,No,No,N/A,N/A,N/A,N/A,N/A,N/A,N/A,N/A,N/A,N/A,N/A,Yes,No,Yes,No,Yes,No,No,Yes,No,No,No,Yes,md5crypt,Yes,No,3.4.35,11/12/2020,No,No,No,N/A,N/A,N/A,N/A,No,No,anyka_ipc,No,No,Yes,No,Yes,Yes,1,No,N/A,N/A,N/A,No,Yes,Yes,No,No,N/A,N/A,N/A,N/A,N/A,N/A,No,N/A
Hidden Camera,Camakt,WiFi Picture Photo Frame,Dec,$56.99,1080p,None,None,No,No,B08PK6NNPP,No,Not Found,No,No,DV-44231152,DV380,com.macrovideo.dv380,1.0.21,07/20/2021,https://apkpure.com/dv380/com.macrovideo.dv380,No,No,No,No,Yes,6-16 characters,No,N/A,No,No,Micro B,Yes,No,No,No,MicroSD,FAT 32,No,Yes,115200,No,N/A,U-Boot,2013.10.0-AK_V2.0.04,No,No,No,No,Yes,68:B9:D3:DD:1A:2E,Yes,No,No,No,Yes,Yes,No,No,N/A,N/A,N/A,No,N/A,No,AK3918EN080,ARM926EJ-S,32-bit ARM,25Q64FSIG,SOIC,RTL8188FTV,Yes,Yes,No,Yes,Yes,No,No,No,No,No,Anyka Linux,2.5.02,Unknown,Unknown,Yes,Yes,No,Yes,No,Unknown,Unknown,Unknown,Unknown,Unknown,Unknown,Unknown,Yes,No,Unknown,No,Unknown,Unknown,Unknown,Unknown,Unknown,Unknown,Unknown,Unknown,Unknown,Unknown,Unknown,3.4.35,Unknown,Unknown,No,No,N/A,N/A,N/A,N/A,No,No,Unknown,Unknown,Unknown,Unknown,Unknown,Unknown,Unknown,Unknown,No,N/A,N/A,N/A,No,No,No,No,No,N/A,N/A,N/A,N/A,N/A,N/A,No,N/A
Hidden Camera,VicZone,Y13,Nov,$94.99,1080p,None,VVVIPC2004072413-JgxU9opvD5HG4Lu,No,No,B08NH7WN4W,No,Not Found,No,No,WIN888-299148-KJURV,WinCam Pro,com.rtp2p.wincam,1.1.5,04/10/2021,https://apkpure.com/store/apps/details?id=com.rtp2p.wincam,No,Yes,No,No,N/A,N/A,N/A,N/A,Unknown,Yes,DC Barrel,Yes,No,No,No,MicroSD,FAT 32,No,Yes,115200,No,N/A,U-Boot,2010.06,Yes,No,Yes,Yes,Yes,50:13:95:02:62:26,Yes,No,No,No,Yes,Yes,No,No,N/A,N/A,N/A,No,N/A,No,Hi3518E v200,ARM926EJ-S,32-bit ARM,25Q64JVSIQ,SOIC,MT7601UN,Yes,No,N/A,Yes,Yes,No,No,No,No,No,Linux,N/A,SquashFS,No,No,N/A,N/A,N/A,N/A,N/A,N/A,N/A,N/A,N/A,N/A,N/A,Yes,No,Yes,No,Yes,No,No,Yes,No,No,No,Yes,descrypt,Yes,No,3.4.35,09/09/2019,No,No,No,N/A,N/A,N/A,N/A,No,No,vs_server,No,Yes,No,No,Yes,No,2,RTSP,No,554/TCP,No,No,Yes,No,No,80,No,Yes,thttpd/2.25b 29dec2003,4 Hours,N/A,No,No,N/A
Hidden Camera,Ecwey,EV200,Aug,$51.29,1080p,None,None,No,No,B08GFF5WWZ,No,Not Found,No,No,IVZ01-397743-MFSMT,Ivzee,com.rtp2p.Ivzee,1.0.3,05/17/2021,https://apkpure.com/ivzee/com.rtp2p.Ivzee,No,No,No,No,Yes,N/A,N/A,N/A,Unknown,Yes,No,N/A,N/A,N/A,N/A,MicroSD,FAT 32,No,Yes,115200,No,N/A,U-Boot,2010.06,Yes,No,Yes,Yes,Yes,C0:99:58:B2:B8:71,Yes,No,No,Yes,No,Yes,No,No,N/A,N/A,N/A,No,N/A,No,Hi3518E v200,ARM926EJ-S,32-bit ARM,25L12835F,SOIC,RTL8201F,Yes,No,N/A,Yes,Yes,No,Yes,No,Yes,No,Linux,N/A,JFFS2,No,Yes,No Update Found,No Update Found,No,Yes,Unknown,Unknown,Unknown,Unknown,Unknown,Unknown,Unknown,Yes,No,Yes,No,Yes,No,No,Yes,No,No,No,Yes,descrypt,Yes,No,3.4.35,09/08/2017,No,No,No,N/A,N/A,N/A,N/A,No,No,vs_server,No,Yes,No,No,Yes,No,2,No,N/A,N/A,N/A,No,Yes,No,No,80,No,No,thttpd/2.25b 29dec2003,No,N/A,N/A,No,N/A
Hidden Camera,Swept Supplies,Ninja Pro Hidden Camera,Aug,$84.99,1080p,None,None,No,No,B08GBT5S51,No,Not Found,No,No,TUT048299YZZXP,LookCamPro,com.shix.lookcam,3.8,01/19/2021,https://apkpure.com/store/apps/details?id=com.shix.lookcam,No,No,No,No,N/A,N/A,N/A,N/A,No,Yes,Mini B,Yes,No,No,No,MicroSD,FAT 32,No,Yes,115200,No,N/A,U-Boot,2013.07,No,No,No,No,Yes,44:01:BB:1D:08:DD,Yes,No,No,No,No,Yes,No,No,N/A,N/A,N/A,No,N/A,No,Ingenic T21,MIPS,32-bit MIPS,25Q64JVSIQ,SOIC,MT7601UN,Yes,No,N/A,Yes,Yes,No,No,No,No,No,Linux,N/A,SquashFS,No,No,N/A,N/A,N/A,N/A,N/A,N/A,N/A,N/A,N/A,N/A,N/A,Yes,No,Yes,No,No,Yes,No,Yes,No,No,No,Unknown,Unknown,Yes,No,3.10.14,09/22/2020,No,No,No,N/A,N/A,N/A,N/A,No,No,target,No,No,No,No,Yes,No,Unknown,No,N/A,N/A,N/A,No,Yes,No,No,No,N/A,N/A,N/A,N/A,N/A,N/A,No,N/A
Pet Feeder,iSmartPet,97089,May,$119.95,1080p,None,None,No,No,B087YWJ2ZZ,No,Not Found,No,No,spf0909097410tatv,iSmartPet,com.ismartpet.pet,2.01.10,01/10/2020,https://apkpure.com/store/apps/details?id=com.ismartpet.pet,No,No,No,No,Yes,None,No,N/A,No,No,No,N/A,N/A,N/A,N/A,No,N/A,N/A,Yes,115200,No,N/A,U-Boot,2010.06,Yes,No,Yes,No,Yes,34:20:03:28:90:47,Yes,Yes,No,No,Yes,No,N/A,No,N/A,N/A,N/A,No,N/A,No,Hi3518E v200,ARM926EJ-S,32-bit ARM,25Q128JVSQ,SOIC,RTL8811CU,Yes,No,N/A,Yes,Yes,No,No,No,Yes,No,Linux,N/A,JFFS2,No,No,N/A,N/A,N/A,N/A,N/A,N/A,N/A,N/A,N/A,N/A,N/A,Yes,N/A,Yes,No,Yes,Yes,No,Yes,No,No,No,Yes,sha512,Yes,N/A,3.4.35,03/28/2018,No,No,No,N/A,N/A,N/A,N/A,No,No,v200smartlink,No,No,Yes,No,Yes,No,2,RTSP,No,554/TCP,No,No,Yes,No,No,No,N/A,N/A,N/A,N/A,N/A,N/A,No,N/A
Pet Feeder,Didog,FDB073-T980USA,Jul,$111.99,720p,None,None,No,No,B08DKMQ3FD,No,Not Found,N/A,No,PX2E6EU8ML9R9C52111A,PetuNew,cn.P2PPetCam.www.linyuan,2.1.96,08/18/2021,https://apkpure.com/petunew/cn.P2PPetCam.www.linyuan,No,No,No,No,Yes,6-12 characters,No,N/A,No,No,USB A,Yes,No,No,No,No,N/A,N/A,Yes,115200,CPU,115200,U-Boot,2010.06-dirty,Yes,No,Yes,No,Yes,20:32:33:A8:CA:62,Yes,No,No,No,Yes,Yes,No,No,N/A,N/A,N/A,No,N/A,No,Hi3518E v200,ARM926EJ-S,32-bit ARM,25Q64JVSIQ,SOIC,RTL8188ETV,Yes,No,N/A,Yes,Yes,No,No,No,Yes,No,Linux,N/A,SquashFS,No,Yes,No,Yes,No,Yes,No,Yes,No,No,http://112.124.112.116/IMG_Server/images/hisi/noptz_model_ly_t980/system.tar,N/A,No,Yes,N/A,Yes,No,Yes,No,No,Yes,No,No,No,Yes,descrypt,Yes,No,3.4.35,03/21/2018,No,No,No,N/A,N/A,N/A,N/A,No,No,IPServer,No,No,Yes,No,Yes,No,1,No,N/A,N/A,N/A,Yes,Yes,No,No,No,N/A,N/A,N/A,N/A,N/A,N/A,No,N/A
Pet Feeder,HONGSA,Automatic Pet Feeder,Aug,$99.99,1080p,None,None,No,No,B08FR1S1GV,http://www.chinaomg.com/product/3.html,Not Found,No,No,HD99RC4FRXV65LP5111A,Smart Pets,com.aomeijia.cam,1.0.8,10/14/2020,https://apkpure.com/store/apps/details?id=com.aomeijia.cam,No,No,No,No,Yes,N/A,N/A,N/A,No,Yes,No,N/A,N/A,N/A,N/A,MicroSD,FAT 32,No,Yes,115200,No,N/A,Cloud39E spiboot,1.1.01,No,No,Yes,No,Yes,32:4A:26:76:AC:E7,Yes,No,No,No,No,Yes,No,No,N/A,N/A,N/A,No,N/A,No,AK3918EN080,ARM926EJ-S,32-bit ARM,25Q64JVSIQ,SOIC,RTL8189FTV,Yes,Yes,No,Yes,Yes,No,No,No,Yes,No,Linux,N/A,SquashFS,No,Yes,No,No,Yes,No,No,Yes,No,No,http://ota-china.oss-cn-shanghai.aliyuncs.com/AMJ/PET-1680/V3.4.0.4/update_pkg.tar,N/A,No,Yes,No,No,No,Yes,No,No,Yes,No,No,No,Yes,md5crypt,No,N/A,3.4.35,12/05/2018,No,No,No,N/A,N/A,N/A,N/A,No,No,daemon,No,No,Yes,No,Yes,No,Unknown,No,N/A,N/A,N/A,Yes,Yes,Yes,No,No,N/A,N/A,N/A,N/A,N/A,N/A,No,N/A
Pet Feeder,IOIODOG,Pet Auto Feeder,Nov,$123.49,1080p,None,None,No,No,B08P459F7R,No,Not Found,No,No,eb8c28b3ce0fb124bacwfk,Smart Life,com.tuya.smartlife,3.29.5,07/31/2021,https://apkpure.com/smart-life-smart-living/com.tuya.smartlife,Yes,Yes,Yes,Yes,Yes,6-20 characters,No,N/A,Unknown,No,DC Barrel,Yes,No,No,No,MicroSD,FAT 32,Yes,Yes,57600,No,N/A,U-Boot,2014.01-v1.2,Yes,No,Yes,Yes,Yes,5E:56:4E:F9:01:E8,Yes,No,No,No,Yes,No,N/A,No,N/A,N/A,N/A,No,N/A,No,RTS3903N,MIPS,32-bit MIPS,25Q64JVSIQ,SOIC,RTL8188FTV,Yes,No,N/A,No,No,No,No,No,Yes,No,Linux,N/A,SquashFS,No,Yes,No Update Found,No Update Found,Yes,No,Unknown,Unknown,Unknown,Unknown,Unknown,Unknown,Unknown,Yes,No,Yes,No,Yes,No,No,Yes,No,No,No,Yes,descrypt,No,No,3.10.27,04/27/2020,No,No,No,N/A,N/A,N/A,N/A,No,No,dgiot,No,No,No,No,Yes,No,1,No,N/A,N/A,N/A,Yes,No,No,No,No,N/A,N/A,N/A,N/A,N/A,N/A,No,N/A
Pet Feeder,Sekoya,PP003,Nov,$129.99,1080p,None,None,No,2AXFT-PP003,B08P1G2P8P,No,https://fccid.io/2AXFT-PP003/User-Manual/User-manual-5036803.pdf,No,No,eb4a199b0606970b61adtb,Pet Zero,com.kkpetfeeder.petzero.android,1.0.1,06/23/2021,https://apkpure.com/store/apps/details?id=com.kkpetfeeder.petzero.android,Yes,Yes,No,Yes,Yes,"6-20 L,N",No,N/A,Yes,No,Mini B,Yes,No,No,No,MicroSD,FAT 32,Yes,Yes,115200,No,N/A,U-Boot,2012.10,Password,No,Yes,No,Yes,0C:CF:89:EC:57:03,Yes,No,No,No,Yes,Yes,No,No,N/A,N/A,N/A,No,N/A,No,GK7102C,ARM1176ZJFS,32-bit ARM,QH64AHIG,SOIC,RTL8188FTV,Yes,No,N/A,Yes,No,No,No,No,No,No,Linux,N/A,SquashFS,No,Yes,No Update Found,No Update Found,Yes,No,Unknown,Unknown,Unknown,Unknown,Unknown,Unknown,Unknown,Yes,No,No,No,Yes,Yes,No,Yes,No,No,No,Yes,None,Yes,No,3.4.43,03/30/2020,No,No,No,N/A,N/A,N/A,N/A,No,Unknown,guard,No,No,Yes,No,Yes,No,Unknown,RTSP,No,554/TCP,No,No,Yes,No,No,No,N/A,N/A,N/A,N/A,N/A,N/A,Yes,8883
Security Camera,Conico,ZS-GX3S,Jun,$55.99,1080p,None,63916679,No,2AT5D-ZS-GX5,B08C2HSNHJ,https://www.conico.com/conico-b32-wire-free-battery-outdoor-camera.html,https://fccid.io/2AT5D-ZS-GX5/User-Manual/User-Manual-4385544.pdf,No,No,1007736445,CloudEdge,com.cloudedge.smarteye,3.0.5,07/16/2021,https://apkfab.com/cloudedge/com.cloudedge.smarteye,No,No,No,No,No,6-20 characters,No,N/A,Yes,No,Micro B,Yes,No,No,No,MicroSD,FAT 32,No,Yes,115200,WLAN,115200,U-Boot,Unknown,No,No,No,Yes,Yes,54:F1:5F:35:F1:98,Yes,No,No,No,Yes,Yes,No,No,N/A,N/A,N/A,No,N/A,No,Hi3518E v300,ARM Cortex-A7,32-bit ARM,QH64AHIG,SOIC,Hi3861V100,Yes,Yes,Unknown,Yes,Yes,No,No,No,No,No,LiteOS,5.0.1.3,JFFS2,No,Yes,Yes,No,Yes,No,No,No,No,No,http://meari-us.oss-accelerate.aliyuncs.com/firmware/gray/ppstrong-b6-neutral_std-1.3.1.20210601-upgrade.bin,N/A,No,Yes,No,Yes,N/A,N/A,N/A,N/A,N/A,N/A,N/A,No,N/A,N/A,Yes,No,N/A,N/A,N/A,N/A,No,N/A,N/A,N/A,N/A,No,No,N/A,N/A,N/A,N/A,N/A,N/A,N/A,N/A,No,N/A,N/A,N/A,Yes,No,No,No,8090,No,Yes,Openresty,No,N/A,No,Yes,1883
Security Camera,Eversecu,Outdoor Wireless Camera,Sep,$56.99,1080p,None,None,No,No,B08J46GGXQ,No,Not Found,No,No,4ZH6SVN5AKEGVQAIK5OQ,i-Cam+,cn.ubia.icamplus,1.1.17,07/02/2021,https://apkplz.net/download-app/cn.ubia.icamplus,No,No,No,No,Yes,8-32 characters,No,N/A,No,No,USB C,Yes,No,No,No,MicroSD,FAT 32,No,Yes,115200,No,N/A,U-Boot,2016.11,No,Yes,N/A,Yes,Yes,FC:6B:F0:8D:BD:F0,Yes,No,No,No,Yes,Yes,Yes,No,N/A,N/A,N/A,No,N/A,No,Hi3518E v300,ARM Cortex-A7,32-bit ARM,25Q64JVSIQ,SOIC,Hi1131,Yes,Yes,Unknown,Yes,Yes,No,No,No,No,No,LiteOS,3.2.3,JFFS2,No,Yes,No Update Found,No Update Found,Yes,No,Unknown,Unknown,Unknown,Unknown,Unknown,Unknown,Unknown,Yes,No,Yes,N/A,N/A,N/A,N/A,N/A,N/A,N/A,No,N/A,N/A,Yes,No,N/A,N/A,N/A,N/A,No,N/A,N/A,N/A,N/A,No,No,N/A,N/A,N/A,N/A,N/A,N/A,N/A,N/A,No,N/A,N/A,N/A,No,No,No,No,No,N/A,N/A,N/A,N/A,N/A,N/A,No,N/A
Security Camera,Akaso,CS300,Jul,$48.99,1080p,None,60609801,No,No,B08CRJMNYQ,No,https://www.akasotech.com/usermanual/cs300v2.pdf,Yes,No,pp014896521fd0c7b205,Smart Life,com.tuya.smartlife,3.29.5,07/31/2021,https://apkpure.com/smart-life-smart-living/com.tuya.smartlife,Yes,Yes,Yes,Yes,Yes,6-20 characters,No,N/A,Unknown,No,Micro B,Yes,No,No,No,MicroSD,FAT 32,Yes,Yes,115200,No,N/A,U-Boot,2016.11-g3e11b05-dirty,Password,No,No,No,Yes,FC:6B:F0:A4:29:57,Yes,No,No,No,Yes,No,N/A,No,N/A,N/A,N/A,No,N/A,No,Hi3518E v300,ARM Cortex-A7,32-bit ARM,QH64AHIG,SOIC,Hi1131,Yes,Yes,Unknown,Yes,Yes,No,No,No,No,No,LiteOS,3.2.1,JFFS2,Yes,Yes,Yes,No,Yes,No,Unknown,Unknown,Unknown,Unknown,Unknown,Unknown,Unknown,Yes,No,Unknown,N/A,N/A,N/A,N/A,N/A,N/A,N/A,No,N/A,N/A,Yes,No,N/A,N/A,N/A,N/A,No,N/A,N/A,N/A,N/A,No,No,N/A,N/A,N/A,N/A,N/A,N/A,N/A,N/A,No,N/A,N/A,N/A,Yes,No,No,No,8090,No,No,None,No,N/A,No,Yes,8883
Security Camera,DCT,CG1,Aug,$63.99,1080p,None,AIC7FXUEGUN7015,No,2AXBN-CG1,B08F3CVP38,No,https://fccid.io/2AXBN-CG1/User-Manual/User-Manual-4884001.pdf,No,No,ea815b939eb0bb65,VicoHome,com.smartaddx.vicohome,2.4.0.1669(e1d2e9),07/23/2021,https://apkpure.com/store/apps/details?id=com.smartaddx.vicohome,No,No,No,Yes,Yes,"8-? 1U,1L,1N",No,N/A,Yes,No,Micro B,Yes,No,No,No,MicroSD,FAT 32,No,Yes,115200,No,N/A,U-Boot,2016.11,No,N/A,Yes,Yes,Yes,7C:25:DA:29:C3:15,Yes,No,No,No,Yes,No,N/A,No,N/A,N/A,N/A,No,N/A,No,Hi3518E v300,ARM Cortex-A7,32-bit ARM,QH128AHIG,SOIC,3131A-S,Yes,Yes,Unknown,Yes,Yes,No,No,No,Yes,No,LiteOS,3.2.3,JFFS2,No,Yes,Yes,Yes,Yes,No,Unknown,Unknown,Unknown,Unknown,Unknown,Unknown,Unknown,No,No,No,N/A,N/A,N/A,N/A,N/A,N/A,N/A,No,N/A,N/A,Yes,No,N/A,N/A,N/A,N/A,No,N/A,N/A,N/A,N/A,No,No,N/A,N/A,N/A,N/A,N/A,N/A,N/A,N/A,No,N/A,N/A,N/A,Yes,No,No,No,No,N/A,N/A,N/A,N/A,N/A,N/A,Yes,8883
Security Camera,WOHOME,LY-138,Jul,$53.99,1080p,None,None,No,2AFCB-LY138,B086ZRR76G,https://wohomeshop.com/products/smart-home-security-camera,https://fcc.report/FCC-ID/2AFCB-LY138/4795137.pdf,No,No,eb836e4af55db33e26mvdp,Tuya Smart,com.tuya.smart,3.30.0,08/08/2021,https://apkpure.com/tuya-smart/com.tuya.smart,Yes,Yes,Yes,Yes,Yes,6-20 characters,No,N/A,Unknown,No,Micro B,Yes,No,No,No,MicroSD,FAT 32,Yes,Yes,115200,No,N/A,U-Boot,2010.06,Yes,Yes,N/A,No,Yes,7C:25:DA:61:AC:71,Yes,No,No,No,Yes,No,N/A,No,N/A,N/A,N/A,No,N/A,No,Hi3518E v200,ARM926EJ-S,32-bit ARM,25Q64FWSIG,SOIC,3131A-S,Yes,No,N/A,Yes,Yes,No,No,No,No,No,LiteOS,1.4.6,JFFS2,No,Yes,No Update Found,No Update Found,Yes,No,Unknown,Unknown,Unknown,Unknown,Unknown,Unknown,Unknown,Yes,No,Unknown,N/A,N/A,N/A,N/A,N/A,N/A,N/A,No,N/A,N/A,Yes,No,N/A,N/A,N/A,N/A,No,N/A,N/A,N/A,N/A,No,No,N/A,N/A,N/A,N/A,N/A,N/A,N/A,N/A,No,N/A,N/A,N/A,Yes,No,No,No,No,N/A,N/A,N/A,N/A,N/A,N/A,Yes,8883
Security Camera,Feit Electric,CAM/PAN/WIFI,Nov,$51.21,1080p,017801722208,063546207,No,SYW-CAMPANWIFI,B08P42BKGG,https://www.feit.com/product/indoor-pan-tilt-smart-wi-fi-camera/,https://www.feit.com/wp-content/uploads/2020/10/CAM_PAN_WIFI_MANUAL_EN_REV013_020921.pdf,No,No,None,Feit Electric,com.feit.smart,3.0.9,07/28/2021,https://apkpure.com/store/apps/details?id=com.feit.smart,No,Yes,No,Yes,Yes,6-20 characters,No,N/A,Yes,No,Micro B,Yes,No,No,No,MicroSD,FAT 32,No,Yes,115200,No,N/A,U-Boot,2013.10.0-AK_V3.0.07,No,N/A,No,No,Yes,DC:29:19:C6:DC:E7,Yes,No,No,No,Yes,No,N/A,No,N/A,N/A,N/A,No,N/A,No,AK3918EN080,ARM926EJ-S,32-bit ARM,QH64AHIG,SOIC,ATBM60321,Yes,Yes,No,Yes,Yes,No,No,No,No,No,Anyka Linux,1.1.12,CramFS,No,Yes,Yes,No,Yes,No,Unknown,Unknown,Unknown,Unknown,Unknown,Unknown,Unknown,Yes,No,Yes,No,No,No,No,Yes,No,No,No,Yes,sha512,Yes,No,3.4.35,01/21/2021,No,No,No,N/A,N/A,N/A,N/A,No,No,ppsapp,No,No,Yes,No,Yes,No,Unknown,No,N/A,N/A,N/A,Yes,No,No,No,No,N/A,N/A,N/A,N/A,N/A,N/A,Yes,8883
Security Camera,StartVision,L-18,Jul,$65.99,1080p,None,None,No,No,B08DXQXSQF,http://www.startvision.cn/index.php?id=107,Not Found,No,No,ebed7d86eac154d1bfsaks,Smart Life,com.tuya.smartlife,3.29.5,07/31/2021,https://apkpure.com/smart-life-smart-living/com.tuya.smartlife,Yes,Yes,Yes,Yes,Yes,6-20 characters,No,N/A,Unknown,No,Micro B,Yes,No,No,No,MicroSD,FAT 32,Yes,Yes,115200,No,N/A,U-Boot,2016.11,Yes,Yes,N/A,Yes,Yes,7C:25:DA:0C:BD:03,Yes,No,No,No,Yes,No,N/A,No,N/A,N/A,N/A,No,N/A,No,Hi3518E v300,ARM Cortex-A7,32-bit ARM,QH64AHIG,SOIC,3131A-S,Yes,Yes,Unknown,Yes,Yes,No,Yes,No,No,No,LiteOS,3.2.3,JFFS2,No,Yes,No Update Found,No Update Found,Yes,No,Unknown,Unknown,Unknown,Unknown,Unknown,Unknown,Unknown,Yes,No,Yes,N/A,N/A,N/A,N/A,N/A,N/A,N/A,No,N/A,N/A,Yes,No,N/A,N/A,N/A,N/A,No,N/A,N/A,N/A,N/A,No,No,N/A,N/A,N/A,N/A,N/A,N/A,N/A,N/A,No,N/A,N/A,N/A,Yes,No,No,No,No,N/A,N/A,N/A,N/A,N/A,N/A,Yes,8883
Security Camera,Moonxiao,Robot,Sep,$56.99,1080p,None,None,No,No,B08H8P4RTT,No,Not Found,Yes,No,25988288,Yoosee,com.yoosee,00.46.00.69,02/22/2021,https://apkpure.com/yoosee/com.yoosee,No,No,No,No,Yes,"8-30 N,L",No,N/A,Yes,No,Micro B,Yes,No,No,No,MicroSD,FAT 32,Yes,Yes,115200,No,N/A,U-Boot,2014.01-v1.2,Yes,Yes,N/A,Yes,Yes,40:AA:56:78:74:50,Yes,No,No,No,Yes,No,N/A,No,N/A,N/A,N/A,No,N/A,No,RTS3905N,MIPS,32-bit MIPS,QH64AHIG,SOIC,S9083H,Yes,No,N/A,No,No,No,No,No,No,No,Linux,N/A,JFFS2,No,Yes,No,No,Yes,No,Yes,Yes,No,No,http://dev-1251981983.cos.ap-beijing.myqcloud.com/25.01.00.16-r.bin.enc,N/A,No,Yes,No,Yes,No,Yes,No,No,Yes,No,No,No,Yes,None,Yes,No,3.10.27,12/17/2019,No,No,No,N/A,N/A,N/A,N/A,No,No,ipc,No,No,No,No,Yes,No,1,RTSP,No,554/UDP,Yes,No,No,No,No,No,N/A,N/A,N/A,N/A,N/A,N/A,No,N/A
Security Camera,LaView,LV-PWR12W,Jul,$49.99,1080p,192728011564,876200801X02604,No,2APD7-R9820,B08F27MWVC,https://www.laviewsecurity.com/r12-pt-wifi-outdoor-camera.html,https://fccid.io/2APD7-R9820/User-Manual/XYTA-R9820-K2-User-Manual-4214336.pdf,Yes,No,eb067ff5fe215963a8kv0a,LaView,com.laview.smart,1.0.8,08/20/2021,https://apkpure.com/store/apps/details?id=com.laview.smart,Yes,Yes,No,Yes,Yes,"6-20 N,L",No,N/A,Yes,No,Hard Wired,Yes,No,No,No,MicroSD,FAT 32,Yes,No,N/A,No,N/A,U-Boot,2014.01-v1.2,N/A,N/A,N/A,N/A,Yes,FC:6B:F0:6F:BD:2D,Yes,No,No,No,Yes,No,N/A,No,N/A,N/A,N/A,Yes,5E:19:47:86:0F:E1,No,RTS3903N,MIPS,32-bit MIPS,25Q64JVSIQ,SOIC,RTL8188FTV,Yes,No,N/A,No,No,No,No,No,No,No,Linux,N/A,SquashFS,No,Yes,No Update Found,No Update Found,Yes,No,Unknown,Unknown,Unknown,Unknown,Unknown,Unknown,Unknown,Yes,No,No,No,Yes,No,No,Yes,No,No,No,Yes,descrypt,Yes,No,3.10.2,06/08/2020,No,No,No,N/A,N/A,N/A,N/A,No,No,dgiot,No,No,No,No,Yes,No,Unknown,No,N/A,N/A,N/A,No,No,No,No,No,N/A,N/A,N/A,N/A,N/A,N/A,Yes,8883
Security Camera,Ecobee,EBSCV01,Apr,$99.99,1080p,627988030005,711656843203,https://hackerone.com/ecobee,WR974100118120,B087D6DRCC,https://www.ecobee.com/en-us/cameras/smart-camera-with-voice-control/,https://m.media-amazon.com/images/I/918quE8iHVL.pdf,No,No,231f3873-9e24-5960-9c19-f2e996956660,Ecobee,com.ecobee.athenamobile,8.15+141020,08/22/2021,https://apkpure.com/store/apps/details?id=com.ecobee.athenamobile,No,No,No,No,Yes,8+ characters,Yes,Yes,Yes,No,DC Barrel,Yes,N/A,N/A,N/A,No,N/A,N/A,No,N/A,No,N/A,U-Boot,Unknown,N/A,N/A,N/A,N/A,Yes,44:61:32:13:41:1C,Yes,Yes,No,No,No,No,N/A,Yes,5,No,No,No,N/A,No,MT8183,ARM Cortex-A73,64-bit ARM,KLM4G1FETE,eMMC,MT7658CSN,Yes,Yes,Unknown,Yes,Yes,Unknown,No,No,No,No,Yocto Linux,13.0.0,EXT4,No,Yes,Yes,Yes,Yes,No,Unknown,Unknown,No,Yes,https://fw-upgrade.pl-prod.ecobee.com/fw/theia-4.7.12.32.bin,A,Yes,Yes,N/A,Unknown,No,Yes,No,No,Yes,No,No,No,No,N/A,Yes,No,4.4.146,Unknown,No,No,No,N/A,N/A,N/A,N/A,No,No,selene,Partial,No,Yes,No,No,No,Unknown,No,N/A,N/A,N/A,Yes,No,No,No,33107,No,Yes,None,Unknown,N/A,Unknown,No,N/A
Security Camera,Reolink,Lumus,Mar,$49.99,1080p,None,None,No,2A7V-1909A,B08628J862,https://reolink.com/us/product/reolink-lumus/,https://fccid.io/2AL7V-1909A/User-Manual/User-Munaul-4670555.pdf,No,No,95270001RWPYKSXE,Reolink,com.mcu.reolink,4.27.1.0,08/14/2021,https://apkpure.com/store/apps/details?id=com.mcu.reolink,No,No,No,No,Yes,8+ characters,No,N/A,Yes,No,No,N/A,N/A,N/A,N/A,MicroSD,FAT 32,No,Yes,115200,No,N/A,U-Boot,2015.01,No,Yes,N/A,No,Yes,40:AA:56:53:AD:81,Yes,No,No,No,Yes,No,N/A,No,N/A,N/A,N/A,No,N/A,No,Star SSC323,ARM Cortex-A7,32-bit ARM,25Q127CSIG,SOIC,MT7601UN,Yes,Yes,No,Yes,Yes,No,No,No,No,Yes,Linux,N/A,SquashFS,No,Yes,No,No,No,Yes,No,No,No,Yes,https://home-cdn.reolink.us/wp-content%2Fuploads%2F2020%2F12%2F200544421608443082.2946.zip?download_name=firmware_Reolink_Lumus_687_20102800.zip,B,No,Yes,No,Yes,No,Yes,No,No,Yes,No,No,No,Yes,descrypt,No,N/A,4.9.84,09/06/2019,No,No,No,N/A,N/A,N/A,N/A,No,No,dvr,Partial,No,Yes,No,Yes,No,1,No,N/A,N/A,N/A,Yes,No,No,No,No,N/A,N/A,N/A,N/A,N/A,N/A,No,N/A
Security Camera,HeimVision,Protect D1,Jul,$55.99,1080p,None,None,No,2AWRR-PRD,B08DKX6NPH,https://www.heimvision.com/products/ptz-outdoor-security-camera,https://fccid.io/2AWRR-PRD/User-Manual/User-Manual-5283390.pdf,No,No,AJ0806010200008759003g,HeimLink,com.vantop.heimlink,4.1073.0.8880,06/11/2021,https://apkpure.com/store/apps/details?id=com.vantop.heimlink,No,No,Yes,No,Yes,"6-26 U,L,N",No,N/A,Unknown,No,No,N/A,N/A,N/A,N/A,MicroSD,FAT 32,No,Yes,115200,No,N/A,U-Boot,2012.10,Yes,No,Yes,No,Yes,68:88:C9:44:70:6B,Yes,No,No,No,Yes,Yes,No,No,N/A,N/A,N/A,Yes,3C:97:0E:22:E1:20,No,GK7205,ARM 1176ZJFS,32-bit ARM,25Q64JVSIQ,SOIC,RTL8188FTV,Yes,No,N/A,Yes,No,No,No,No,Yes,No,Linux,N/A,SquashFS,No,Yes,Yes,No,Yes,No,Unknown,Unknown,Unknown,Yes,Unknown,B,Unknown,Yes,No,Yes,No,Yes,No,No,Yes,No,No,No,Yes,descrypt,No,N/A,3.4.43,09/15/2020,No,No,No,N/A,N/A,N/A,N/A,No,No,sensordetect,No,No,Yes,No,No,No,2,RTSP,No,554/TCP,No,No,No,No,No,80,No,Yes,Ginatex-HTTPServer,No,N/A,No,No,N/A
Security Camera,Aqara,CH-H01,Jul,$69.99,1080p,192784000403,450/A112092400029,No,2AKIT-G2H,B08F2DBP3Y,https://www.aqara.com/en/g2h_camera_hub.html,https://cdn.cnbj2.fds.api.mi-img.com/cdn/website/aqara/manuals_en/downloads/Aqara_Camera-Hub-G2H_Manual.pdf,Yes,Yes,None,Aqara Home,com.lumiunited.aqarahome.play,2.3.13,08/03/2021,https://apkpure.com/store/apps/details?id=com.lumiunited.aqarahome.play,No,No,No,No,Yes,"8-16 N,L,S",No,N/A,No,No,Micro B,Yes,No,No,No,MicroSD,FAT 32,No,Yes,115200,No,N/A,U-Boot,2015.01,No,No,Yes,Yes,Yes,54:EF:44:CC:B4:6A,Yes,No,No,No,Yes,No,N/A,No,N/A,N/A,N/A,No,N/A,Yes,MSC316DC,ARM Cortex-A7,32-bit ARM,MX25L25645G,SOIC,RTL8188EUS,Yes,Yes,No,Yes,Yes,No,No,No,Yes,No,Linux,N/A,JFFS2,No,Yes,Yes,Yes,Yes,No,No,Yes,No,No,http://cdn.awsusor0.fds.api.mi-img.com/lumiaiot/ota/firmware/AIOT_lumi.camera.gwagl02_V2.0.9.0005.0509_OTA_20200912_ac816f.20200913115347.bin,N/A,No,Yes,No,No,No,Yes,No,No,Yes,No,No,No,Yes,descrypt,Yes,No,3.18.30,09/12/2020,No,No,No,N/A,N/A,N/A,N/A,No,No,camera,No,Yes,No,No,Yes,Yes,Unknown,No,N/A,N/A,N/A,Yes,No,No,No,47838,No,Yes,None,N/A,N/A,N/A,Yes,1883
Security Camera,Mascarry,A4,Jul,$50.99,1080p,None,180020A02152,No,2AUAU-A4,B08CVPYCPR,No,https://fccid.io/2AUAU-A4/User-Manual/User-Manual-4989154.pdf,Yes,No,None,Adorcam,com.xm.adorcam,1.4.25,08/12/2021,https://apkpure.com/store/apps/details?id=com.xm.adorcam,No,No,No,No,Yes,8-20 characters,No,N/A,No,No,Micro B,Yes,No,No,No,MicroSD,FAT 32,No,No,N/A,WLAN,115200,U-Boot,2013.07,N/A,N/A,N/A,N/A,Yes,FC:CD:2F:30:9A:BF,Yes,No,No,No,Yes,No,N/A,No,N/A,N/A,N/A,No,N/A,No,Ingenic T21,MIPS,32-bit MIPS,XT25F128B,SOIC,XR871,Yes,No,N/A,Yes,Yes,No,Yes,No,Yes,No,Linux,N/A,JFFS2,No,Yes,Yes,No,Yes,No,Yes,Unknown,Unknown,No,http://xmitech-device.oss-accelerate.aliyuncs.com/DEBUG/OTA/A3-B_18_T21_SP1405_2.6.18-20210316.bin?Expires=1633900492&OSSAccessKeyId=LTAI4FuPWNRsjPfbNGtq5P9t&Signature=3rjMejPQS04dnzYMqjCUJTOtW3s%3D,N/A,No,Yes,No,Yes,No,No,No,No,Yes,No,No,No,Yes,None,Yes,No,3.10.14,07/15/2020,No,No,No,N/A,N/A,N/A,N/A,No,No,sample-xmbakipc,No,No,No,No,Yes,No,Unknown,No,N/A,N/A,N/A,Yes,No,No,No,No,N/A,N/A,N/A,N/A,N/A,N/A,Yes,1883
Security Camera,Anbes,BF-A10,Jun,$49.98,1080p,None,062592855,No,2AR5E-BF-A10,B08BJLSY4T,No,https://fccid.io/2AR5E-BF-A10/User-Manual/15-BF-A10-UserMan-US-r1-4872015.pdf,No,No,ppsle9beda455d5244b6,CloudEdge,com.cloudedge.smarteye,3.0.5,07/16/2021,https://apkfab.com/cloudedge/com.cloudedge.smarteye,No,No,No,No,No,6-20 characters,No,N/A,Yes,No,Micro B,Yes,No,No,No,MicroSD,FAT 32,Yes,Yes,115200,No,N/A,U-Boot,2016.11-g52cd25b-dirty,Password,No,No,No,Yes,FC:6B:F0:57:C0:6C,Yes,No,No,No,Yes,No,N/A,No,N/A,N/A,N/A,No,N/A,No,Hi3518E v300,ARM Cortex-A7,32-bit ARM,QH64AHIG,SOIC,Hi1131,Yes,Yes,Unknown,Yes,Yes,No,Yes,No,No,No,LiteOS,1.0.0.5,JFFS2,No,Yes,No Update Found,No Update Found,No,No,Unknown,Unknown,Unknown,Unknown,Unknown,Unknown,Unknown,Yes,No,Yes,N/A,N/A,N/A,N/A,N/A,N/A,N/A,No,N/A,N/A,Yes,No,N/A,N/A,N/A,N/A,No,N/A,N/A,N/A,N/A,No,No,N/A,N/A,N/A,N/A,N/A,N/A,N/A,N/A,No,N/A,N/A,N/A,Yes,No,No,No,80,No,Yes,None,No,N/A,No,Yes,1883
Security Camera,TP-Link,EC70,Sep,$49.99,1080p,840030701924,220C6H0002366,https://www.tp-link.com/us/press/security-advisory/,TE7KC115,B08GHX9G5L,https://www.kasasmart.com/us/products/security-cameras/kasa-spot-pan-tilt-ec70,https://static.tp-link.com/2020/202009/20200929/7106508528_KC&EC%20Series%20Indoor%20Camera_QIG_V1.pdf,Yes,No,None,Kasa Smart,com.tplink.kasa_android,2.33.1.998,08/05/2021,https://apkpure.com/store/apps/details?id=com.tplink.kasa_android,No,Yes,No,No,Yes,"8-32 L,N,S",No,N/A,Yes,No,Micro B,Yes,No,No,No,MicroSD,FAT 32,No,Yes,115200,No,N/A,U-Boot,2016.11,Yes,Yes,N/A,No,Yes,28:EE:52:97:72:FA,Yes,No,No,No,No,Yes,No,No,N/A,N/A,N/A,No,N/A,No,Hi3518E v300,ARM Cortex-A7,32-bit ARM,QH128AHIG,SOIC,RTL8188FTV,Yes,Yes,No,Yes,Yes,No,No,No,No,No,Linux,N/A,SquashFS,No,Yes,Yes,Yes,Yes,No,No,No,Yes,No,http://download.tplinkcloud.com/firmware/EC70-up-ver2-3-6-P120210202-rel60257-signed_1617270971778.bin,N/A,No,Yes,No,Yes,No,Yes,No,No,Yes,No,No,No,Yes,None,Yes,No,4.9.37,07/31/2020,No,No,No,N/A,N/A,N/A,N/A,No,No,iot-client,Partial,No,Yes,No,Yes,No,2,No,N/A,N/A,N/A,Yes,No,No,No,10443,Yes,Yes,"Streamd,",No,Local,No,No,N/A
Security Camera,Vacos,Vacos Cam,May,$99.99,1080p,None,None,No,2AKL2K44IPC,B0888DPKFT,https://vacos.com/products/vacos-cam/,https://cdn.vacos.com/wp-content/uploads/manual/Vacos-Cam-User-Manuals.pdf,No,No,7a31f01c7f80d1302d5f31349b094d21,Vacos,com.anke.video,1.0.3.6,04/17/2021,https://apkpure.com/store/apps/details?id=com.anke.video,No,No,No,No,Yes,6-20 characters,Yes,Yes,No,No,Micro B,Yes,No,No,No,No,N/A,N/A,Yes,115200,No,N/A,U-Boot,2016.11,Yes,Yes,N/A,No,Yes,AC:64:CF:D7:98:7A,Yes,No,No,No,Yes,No,N/A,No,N/A,N/A,N/A,No,N/A,No,Hi3518E v300,ARM Cortex-A7,32-bit ARM,25Q128JVSQ,SOIC,3131A-S,Yes,Yes,Unknown,Yes,Yes,No,No,No,Yes,No,LiteOS,3.2.2,JFFS2,No,Yes,No,No,Yes,No,Unknown,Yes,Unknown,Unknown,Not Found,Unknown,Unknown,Yes,N/A,No,N/A,N/A,N/A,N/A,N/A,N/A,N/A,No,N/A,N/A,Yes,No,N/A,N/A,N/A,N/A,No,N/A,N/A,N/A,N/A,No,No,N/A,N/A,N/A,N/A,N/A,N/A,N/A,N/A,No,N/A,N/A,N/A,Yes,No,No,No,No,N/A,N/A,N/A,N/A,N/A,N/A,No,N/A
Security Camera,Jennov,A90WT20-1-FAS-32,Apr,$65.50,1080p,None,None,No,No,B087BG2VQX,No,https://jennov.cn/wp-content/uploads/2021/05/T-Series-Manual.pdf,No,No,SSAA-244060-ABAEA,CamHi,com.hichip,7.0.0,08/03/2021,https://apkpure.com/store/apps/details?id=com.hichip,No,No,No,No,Yes,N/A,N/A,N/A,Unknown,Yes,No,N/A,N/A,N/A,N/A,MicroSD,FAT 32,No,Yes,115200,No,N/A,U-Boot,2016.11,Password,No,Yes,No,Yes,7C:A7:B0:B8:08:E1,Yes,No,No,No,No,Yes,Yes,No,N/A,N/A,N/A,Yes,00:15:CD:D7:6F:92,No,Hi3516 EV200,ARM Cortex-A7,32-bit ARM,QH128AHIG,SOIC,MT7601U,Yes,Yes,No,Yes,Yes,No,No,No,No,No,Linux,N/A,JFFS2,No,No,N/A,N/A,N/A,N/A,N/A,N/A,N/A,N/A,N/A,N/A,N/A,No,No,No,No,Yes,No,No,Yes,No,No,No,Yes,md5crypt,Yes,No,4.9.37,05/21/2019,No,No,No,N/A,N/A,N/A,N/A,No,No,ipc_server,Partial,Yes,Yes,No,Yes,No,1,RTSP,No,554/TCP,No,No,No,No,No,80,No,Yes,None,No,N/A,No,No,N/A
Security Camera,Anran,AR-W620,Oct,$56.69,2k,None,None,No,2AZUX-S02,B06XQ5P3VP,https://anran-cctv.com/product/32gb-micro-sd-card-included-security-camera-outdooranran-5mp-ultra-hd-wireless-wifi-surveillance-camera-pan-4x-zoom-with-2-way-audionight-visionhuman-detection-auto-trackingemail-alert,https://fccid.io/2AZUX-S02/User-Manual/User-manual-5247067.pdf,No,No,SSAC-038345-BCAFC,CamHi,com.hichip,7.0.0,08/03/2021,https://apkpure.com/store/apps/details?id=com.hichip,No,No,No,No,Yes,N/A,N/A,N/A,Unknown,Yes,No,N/A,N/A,N/A,N/A,MicroSD,FAT 32,No,Yes,115200,No,N/A,U-Boot,2016.11,Password,No,Yes,No,Yes,E0:09:BF:67:78:81,Yes,No,No,No,No,Yes,Yes,No,N/A,N/A,N/A,Yes,00:EF:69:E9:A3:C8,No,Hi3516 EV300,ARM Cortex-A7,32-bit ARM,25Q128SIG,SOIC,MT7601U,Yes,Yes,No,Yes,Yes,No,No,No,No,No,Linux,N/A,JFFS2,No,Yes,No,No,No,Yes,Unknown,Unknown,Unknown,Unknown,Not Found,Unknown,Unknown,Yes,No,No,No,Yes,No,No,Yes,No,No,No,Yes,md5crypt,Yes,No,4.9.37,12/07/2019,No,No,No,N/A,N/A,N/A,N/A,No,No,ipc_server,Partial,Yes,Yes,No,Yes,No,1,RTSP,No,554/TCP,No,No,No,No,No,80,No,Yes,None,No,N/A,No,No,N/A
Security Camera,Amcrest,ASH42,Jan,$50.99,2k,850007530969,Z1080056AC450,No,ZZ2-Z10,B083TLW9JL,https://amcrest.com/amcrest-smarthome-ash42-w-white.html,https://fccid.io/ZZ2-Z10/User-Manual/User-Manual-4585698.pdf,Yes,No,None,Amcrest Smart Home,com.mm.android.amcrestsmarthome,3.9.1,06/02/2021,https://apkpure.com/store/apps/details?id=com.mm.android.amcrestsmarthome,No,No,Yes,No,Yes,"8-32 L,N",No,N/A,Unknown,No,No,N/A,N/A,N/A,N/A,MicroSD,FAT 32,No,Yes,115200,No,N/A,U-Boot,2010.06-svn6637,No,No,No,No,Yes,9C:8E:CD:2F:FF:37,Yes,Yes,No,No,No,Yes,No,No,N/A,N/A,N/A,Yes,9C:8E:CD:2F:F9:5F,No,DH6011,ARM,32-bit ARM,F50L1G41A,NAND,RTL8188FTV,Yes,Unknown,Unknown,Unknown,Unknown,Unknown,No,No,No,No,Linux,N/A,SquashFS,No,Yes,No Update Found,No Update Found,Yes,No,Unknown,Unknown,Yes,Unknown,Not Found,Unknown,Unknown,Yes,No,Unknown,Unknown,Unknown,Unknown,Unknown,Unknown,Unknown,Unknown,Unknown,Unknown,Unknown,Unknown,Unknown,3.18.30,Unknown,Unknown,Unknown,Unknown,Unknown,Unknown,Unknown,Unknown,Unknown,Unknown,Unknown,Unknown,Unknown,Unknown,Unknown,Unknown,Unknown,Unknown,RTSP,No,554/TCP,Yes,Yes,No,No,No,80,No,Yes,None,No,N/A,No,No,N/A